"cluster_km","mean_hp","mean_hp_growth","mean_hp5","mean_hp5_growth","mean_mp","mean_mp_growth","mean_mp5","mean_mp5_growth","mean_ad","mean_ad_growth","mean_as","mean_as_growth","mean_ar","mean_ar_growth","mean_mr","mean_mr_growth","mean_ms","mean_range","n"
1,599.414634146341,102.609756097561,5.21341463414634,0.584146341463415,376.609756097561,39.3658536585366,8.19146341463415,0.710975609756098,54.9634146341463,2.97184878048781,0.646695121951219,2.48585365853659,24.8414634146341,4.48231707317073,29.8292682926829,1.31463414634146,331.317073170732,514.390243902439,82
2,619.833333333333,105.5,7.66666666666667,0.733333333333333,233.333333333333,0,50,0,61,3.35833333333333,0.654666666666667,3.06666666666667,31.5,4.65833333333333,32,1.925,340.833333333333,195.833333333333,6
3,634.291666666667,105.700980392157,6.10416666666667,0.66875,64.8333333333333,0,0,0,62.4166666666667,3.36875,0.659083333333333,2.59541666666667,33.7291666666667,4.67291666666667,30.9375,2.04791666666667,339.791666666667,168.75,24
4,638.338709677419,106.08064516129,7.58870967741935,0.745967741935484,327.467741935484,48.8225806451613,7.58387096774194,0.670161290322581,63.0483870967742,3.47822580645161,0.659209677419355,2.4966935483871,34.4032258064516,4.65241935483871,31.7096774193548,2.03870967741935,339.91935483871,157.258064516129,62
