"label_type","ari","nmi"
"role",0.117179270960909,0.173585108969886
